"filename", "language", "TypeScript", "CSS", "HTML", "JSON with Comments", "JSON", "comment", "blank", "total"
"/Users/rock/Documents/Projekti/project-manager/client/index.html", "HTML", 0, 0, 13, 0, 0, 0, 1, 14
"/Users/rock/Documents/Projekti/project-manager/client/package-lock.json", "JSON", 0, 0, 0, 0, 920, 0, 1, 921
"/Users/rock/Documents/Projekti/project-manager/client/package.json", "JSON", 0, 0, 0, 0, 15, 0, 1, 16
"/Users/rock/Documents/Projekti/project-manager/client/src/Assets/Icons.ts", "TypeScript", 57, 0, 0, 0, 0, 0, 11, 68
"/Users/rock/Documents/Projekti/project-manager/client/src/Components/MainContent.ts", "TypeScript", 12, 0, 0, 0, 0, 0, 2, 14
"/Users/rock/Documents/Projekti/project-manager/client/src/Components/PopupModal.ts", "TypeScript", 26, 0, 0, 0, 0, 0, 3, 29
"/Users/rock/Documents/Projekti/project-manager/client/src/Components/ProjectCard.ts", "TypeScript", 57, 0, 0, 0, 0, 0, 6, 63
"/Users/rock/Documents/Projekti/project-manager/client/src/Components/Sidebar.ts", "TypeScript", 188, 0, 0, 0, 0, 13, 24, 225
"/Users/rock/Documents/Projekti/project-manager/client/src/Routes/Router.ts", "TypeScript", 87, 0, 0, 0, 0, 14, 24, 125
"/Users/rock/Documents/Projekti/project-manager/client/src/Services/AuthService.ts", "TypeScript", 49, 0, 0, 0, 0, 0, 9, 58
"/Users/rock/Documents/Projekti/project-manager/client/src/Services/BaseService.ts", "TypeScript", 54, 0, 0, 0, 0, 1, 11, 66
"/Users/rock/Documents/Projekti/project-manager/client/src/Services/ProjectsService.ts", "TypeScript", 48, 0, 0, 0, 0, 0, 14, 62
"/Users/rock/Documents/Projekti/project-manager/client/src/Services/TaskService.ts", "TypeScript", 13, 0, 0, 0, 0, 0, 3, 16
"/Users/rock/Documents/Projekti/project-manager/client/src/Services/TeamsService.ts", "TypeScript", 16, 0, 0, 0, 0, 0, 4, 20
"/Users/rock/Documents/Projekti/project-manager/client/src/Store/Store.ts", "TypeScript", 48, 0, 0, 0, 0, 21, 16, 85
"/Users/rock/Documents/Projekti/project-manager/client/src/Store/UserStore.ts", "TypeScript", 33, 0, 0, 0, 0, 0, 6, 39
"/Users/rock/Documents/Projekti/project-manager/client/src/Styles/Dashboard.css", "CSS", 0, 45, 0, 0, 0, 44, 9, 98
"/Users/rock/Documents/Projekti/project-manager/client/src/Styles/Error.css", "CSS", 0, 11, 0, 0, 0, 0, 2, 13
"/Users/rock/Documents/Projekti/project-manager/client/src/Styles/Login.css", "CSS", 0, 81, 0, 0, 0, 0, 13, 94
"/Users/rock/Documents/Projekti/project-manager/client/src/Styles/MainContent.css", "CSS", 0, 5, 0, 0, 0, 1, 1, 7
"/Users/rock/Documents/Projekti/project-manager/client/src/Styles/Project.css", "CSS", 0, 315, 0, 0, 0, 43, 54, 412
"/Users/rock/Documents/Projekti/project-manager/client/src/Styles/ProjectMemberPopup.css", "CSS", 0, 90, 0, 0, 0, 0, 14, 104
"/Users/rock/Documents/Projekti/project-manager/client/src/Styles/ProjectPopup.css", "CSS", 0, 71, 0, 0, 0, 0, 10, 81
"/Users/rock/Documents/Projekti/project-manager/client/src/Styles/Projects.css", "CSS", 0, 146, 0, 0, 0, 2, 25, 173
"/Users/rock/Documents/Projekti/project-manager/client/src/Styles/Reports.css", "CSS", 0, 0, 0, 0, 0, 0, 1, 1
"/Users/rock/Documents/Projekti/project-manager/client/src/Styles/Root.css", "CSS", 0, 12, 0, 0, 0, 0, 3, 15
"/Users/rock/Documents/Projekti/project-manager/client/src/Styles/SharedStylings/Popup.css", "CSS", 0, 41, 0, 0, 0, 0, 6, 47
"/Users/rock/Documents/Projekti/project-manager/client/src/Styles/SharedStylings/ProjectCards.css", "CSS", 0, 43, 0, 0, 0, 1, 8, 52
"/Users/rock/Documents/Projekti/project-manager/client/src/Styles/SharedStylings/SectionHeader.css", "CSS", 0, 11, 0, 0, 0, 0, 2, 13
"/Users/rock/Documents/Projekti/project-manager/client/src/Styles/SharedStylings/UpperInnerSection.css", "CSS", 0, 27, 0, 0, 0, 0, 2, 29
"/Users/rock/Documents/Projekti/project-manager/client/src/Styles/Sidebar.css", "CSS", 0, 110, 0, 0, 0, 1, 18, 129
"/Users/rock/Documents/Projekti/project-manager/client/src/Styles/Tasks.css", "CSS", 0, 0, 0, 0, 0, 0, 1, 1
"/Users/rock/Documents/Projekti/project-manager/client/src/Styles/TeamPopup.css", "CSS", 0, 62, 0, 0, 0, 0, 9, 71
"/Users/rock/Documents/Projekti/project-manager/client/src/Styles/Teams.css", "CSS", 0, 242, 0, 0, 0, 28, 39, 309
"/Users/rock/Documents/Projekti/project-manager/client/src/Types/css.d.ts", "TypeScript", 4, 0, 0, 0, 0, 0, 0, 4
"/Users/rock/Documents/Projekti/project-manager/client/src/Utils/Helpers.ts", "TypeScript", 76, 0, 0, 0, 0, 4, 18, 98
"/Users/rock/Documents/Projekti/project-manager/client/src/Views/App/AuthView.ts", "TypeScript", 177, 0, 0, 0, 0, 11, 23, 211
"/Users/rock/Documents/Projekti/project-manager/client/src/Views/App/DashboardView.ts", "TypeScript", 159, 0, 0, 0, 0, 6, 20, 185
"/Users/rock/Documents/Projekti/project-manager/client/src/Views/App/ErrorView.ts", "TypeScript", 41, 0, 0, 0, 0, 0, 6, 47
"/Users/rock/Documents/Projekti/project-manager/client/src/Views/App/ProjectView.ts", "TypeScript", 493, 0, 0, 0, 0, 4, 44, 541
"/Users/rock/Documents/Projekti/project-manager/client/src/Views/App/ProjectsView.ts", "TypeScript", 256, 0, 0, 0, 0, 3, 30, 289
"/Users/rock/Documents/Projekti/project-manager/client/src/Views/App/ReportsView.ts", "TypeScript", 38, 0, 0, 0, 0, 0, 4, 42
"/Users/rock/Documents/Projekti/project-manager/client/src/Views/App/TasksView.ts", "TypeScript", 38, 0, 0, 0, 0, 0, 4, 42
"/Users/rock/Documents/Projekti/project-manager/client/src/Views/App/TeamsView.ts", "TypeScript", 194, 0, 0, 0, 0, 0, 17, 211
"/Users/rock/Documents/Projekti/project-manager/client/src/Views/ProjectPopupViews/ProjectPopupMemberView.ts", "TypeScript", 131, 0, 0, 0, 0, 1, 15, 147
"/Users/rock/Documents/Projekti/project-manager/client/src/Views/ProjectPopupViews/ProjectPopupTaskView.ts", "TypeScript", 198, 0, 0, 0, 0, 1, 17, 216
"/Users/rock/Documents/Projekti/project-manager/client/src/Views/ProjectPopupViews/ProjectPopupView.ts", "TypeScript", 66, 0, 0, 0, 0, 1, 10, 77
"/Users/rock/Documents/Projekti/project-manager/client/src/Views/TeamsExtraViews/Team.ts", "TypeScript", 13, 0, 0, 0, 0, 0, 3, 16
"/Users/rock/Documents/Projekti/project-manager/client/src/Views/TeamsExtraViews/TeamsPopupView.ts", "TypeScript", 172, 0, 0, 0, 0, 6, 21, 199
"/Users/rock/Documents/Projekti/project-manager/client/src/index.html", "HTML", 0, 0, 12, 0, 0, 0, 2, 14
"/Users/rock/Documents/Projekti/project-manager/client/src/main.ts", "TypeScript", 32, 0, 0, 0, 0, 0, 3, 35
"/Users/rock/Documents/Projekti/project-manager/client/src/vite-env.d.ts", "TypeScript", 0, 0, 0, 0, 0, 1, 1, 2
"/Users/rock/Documents/Projekti/project-manager/client/tsconfig.json", "JSON with Comments", 0, 0, 0, 19, 0, 2, 3, 24
"/Users/rock/Documents/Projekti/project-manager/client/vite.config.ts", "TypeScript", 9, 0, 0, 0, 0, 0, 2, 11
"Total", "-", 2785, 1312, 25, 19, 935, 209, 596, 5881